BillingID,ProjectID,CloudService,InfrastructureCost,CPUUsage,InfrastructureCost_normalized,InfrastructureCost_zscore,CPUUsage_normalized,CPUUsage_zscore
101,P001,AWS,1200,75,0.3333333333333333,-0.22941573387056177,0.6818181818181818,0.24902912254587614
102,P002,Azure,1800,82,1.0,1.6059101370939324,1.0,1.1206310514564426
103,P003,GCP,900,60,0.0,-1.1470786693528088,0.0,-1.618689296548195
104,P001,AWS,1200,75,0.3333333333333333,-0.22941573387056177,0.6818181818181818,0.24902912254587614
